date,equity,invested
2023-01-03,100000.0,0.0
2023-01-04,99892.36060066475,19892.36060066474
2023-01-05,99707.01503791385,19707.015037913847
2023-01-06,100893.2989687024,20893.29896870239
2023-01-09,100483.550084466,20483.550084466002
2023-01-10,100413.9569493646,20413.9569493646
2023-01-11,100527.93365494095,20527.93365494095
2023-01-12,100662.86008843893,20662.860088438927
2023-01-13,100558.47038578683,20558.470385786826
2023-01-17,100566.99141367555,20566.991413675554
2023-01-18,99666.3150520652,59893.111617535425
2023-01-19,97788.04940461856,58014.84597008879
2023-01-20,99938.72670433269,60165.523269802914
2023-01-23,103671.67685841856,63898.47342388879
2023-01-24,103362.44291424558,63589.239479715805
2023-01-25,103510.26499835475,63737.06156382497
2023-01-26,104583.28935134932,64810.085916819546
2023-01-27,105021.56266342287,65248.35922889309
2023-01-30,102488.76055091925,62715.557116389486
2023-01-31,103928.12116195515,84652.66983760922
2023-02-01,109387.10554572489,90111.65422137897
2023-02-02,116329.2007715868,97053.74944724087
2023-02-03,114415.67632728834,95140.22500294242
2023-02-06,113794.62143986046,94519.17011551454
2023-02-07,116888.72157001044,97613.27024566452
2023-02-08,114997.40284125945,95721.95151691353
2023-02-09,113888.95522842779,94613.50390408187
2023-02-10,111444.43314149717,92168.98181715125
2023-02-13,113511.6820277021,94236.23070335618
2023-02-14,115695.80527529193,96420.35395094601
2023-02-15,115114.64091161014,95839.18958726422
2023-02-16,111913.51640628741,92638.06508194149
2023-02-17,110426.99407484509,69424.72894962977
2023-02-21,108983.2587613533,67980.99363613798
2023-02-22,108540.1978893223,89334.58451637764
2023-02-23,112529.32719181349,93323.71381886883
2023-02-24,110924.0368138921,68379.51831706491
2023-02-27,111522.68402622473,68978.16552939753
2023-02-28,111831.9212153961,91591.93952381385
2023-03-01,110749.71361829332,90509.73192671107
2023-03-02,112189.97423730478,91949.99254572253
2023-03-03,115805.19663061526,95565.21493903302
2023-03-06,115518.62152936848,95278.63983778624
2023-03-07,114656.25775287367,94416.27606129143
2023-03-08,115945.93457904263,95705.95288746039
2023-03-09,114208.66196558272,93968.68027400048
2023-03-10,112797.12824899548,92557.14655741323
2023-03-13,113493.75845975528,93253.77676817303
2023-03-14,117600.34001505587,97360.35832347363
2023-03-15,118442.56996454383,98202.58827296158
2023-03-16,122161.76621165578,101921.78452007353
2023-03-17,121243.03427717953,101003.05258559728
2023-03-20,121562.50940223972,101322.52771065748
2023-03-21,122352.65427885941,102112.67258727716
2023-03-22,122019.2263525835,101779.24466100126
2023-03-23,124177.12402251732,103937.14233093508
2023-03-24,124073.52059180863,103833.53890022638
2023-03-27,122689.67818572446,102449.69649414222
2023-03-28,122097.28022278225,101857.29853120001
2023-03-29,123837.19527686451,103597.21358528227
2023-03-30,125210.59199224324,104970.61030066099
2023-03-31,126831.64395500305,106591.6622634208
2023-04-03,127133.39983077534,106893.41813919309
2023-04-04,126474.30276739458,106234.32107581233
2023-04-05,124967.99354103376,104728.01184945152
2023-04-06,126140.96378960156,105900.98209801932
2023-04-10,126561.79931524955,106321.8176236673
2023-04-11,125209.43264028002,104969.45094869778
2023-04-12,124345.60749350637,104105.62580192412
2023-04-13,125750.32673966077,83540.10555303769
2023-04-14,125916.61521924524,83706.39403262216
2023-04-17,126081.25185788638,83871.0306712633
2023-04-18,126718.8318255587,109724.86101051289
2023-04-19,126918.09811472705,109924.12729968125
2023-04-20,125286.6342106403,108292.6633955945
2023-04-21,125003.01912895242,108009.04831390662
2023-04-24,124607.36398093616,107613.39316589036
2023-04-25,122235.17820738311,105241.20739233731
2023-04-26,124997.70053590668,108003.72972086088
2023-04-27,130603.3265386919,113609.35572364609
2023-04-28,131827.75975271052,114833.78893766474
2023-05-01,133360.35602061785,116366.38520557205
2023-05-02,131880.6672038521,114886.6963888063
2023-05-03,130877.79967743263,113883.82886238683
2023-05-04,129984.21164059872,112990.24082555292
2023-05-05,132790.21884858905,115796.24803354323
2023-05-08,133207.61463514256,116213.64382009674
2023-05-09,132156.62138313422,115162.65056808841
2023-05-10,133203.20627614454,116209.23546109874
2023-05-11,133045.52307052328,116051.55225547747
2023-05-12,132241.1290869944,115247.1582719486
2023-05-15,133559.73146592255,116565.76065087676
2023-05-16,134045.8879016055,117051.91708655971
2023-05-17,135907.77115511234,118913.80034006653
2023-05-18,138925.7138621164,121931.7430470706
2023-05-19,138298.957285374,121304.98647032818
2023-05-22,138644.22064210504,121650.24982705925
2023-05-23,136975.84614907496,119981.87533402917
2023-05-24,137047.0830936486,120053.11227860278
2023-05-25,147176.06306162046,130182.09224657467
2023-05-26,150455.71102582914,133461.74021078335
2023-05-30,151983.32330806757,134989.35249302178
2023-05-31,149428.2582256049,132434.2874105591
2023-06-01,153444.66264638148,136450.69183133566
2023-06-02,153312.8532907092,136318.88247566338
2023-06-05,152815.5470508561,135821.5762358103
2023-06-06,151942.31383391243,134948.34301886664
2023-06-07,148531.43114120717,131537.46032616135
2023-06-08,150414.72442901257,133420.75361396678
2023-06-09,150948.93002878502,133954.95921373923
2023-06-12,153413.47148825973,136419.50067321392
2023-06-13,155337.23585510714,138343.26504006135
2023-06-14,158206.48430938483,141212.51349433904
2023-06-15,160149.9424771546,143155.9716621088
2023-06-16,159426.5659899632,142432.5951749174
2023-06-20,160775.01071613637,143781.03990109055
2023-06-21,159013.63604107004,142019.66522602423
2023-06-22,160399.65443607233,143405.68362102652
2023-06-23,159519.74334772257,142525.77253267675
2023-06-26,155630.2678901517,138636.29707510592
2023-06-27,159093.75940782973,142099.78859278394
2023-06-28,158292.1591176025,141298.1883025567
2023-06-29,157451.84303247218,140457.8722174264
2023-06-30,160978.07054555614,143984.09973051032
2023-07-03,160532.11184271617,143538.14102767035
2023-07-05,161348.02771309,144354.0568980442
2023-07-06,161136.1999835237,144142.22916847788
2023-07-07,160883.303616493,143889.3328014472
2023-07-10,160202.5128687062,143208.54205366038
2023-07-11,160976.3873248928,143982.416509847
2023-07-12,164774.87348370766,147780.90266866187
2023-07-13,168248.83432943717,151254.86351439139
2023-07-14,167325.96553927322,150331.99472422744
2023-07-17,169224.46641327877,152230.49559823298
2023-07-18,171725.7070097151,154731.7361946693
2023-07-19,171594.53640517604,154600.56559013022
2023-07-20,167070.47441068146,150076.50359563567
2023-07-21,164174.8850045994,147180.91418955362
2023-07-24,164413.7936927916,147419.8228777458
2023-07-25,166634.15777678892,149640.18696174314
2023-07-26,165908.47283405525,148914.50201900944
2023-07-27,167323.6635019697,150329.6926869239
2023-07-28,170711.35445901268,125122.71272767351
2023-07-31,169889.28025258507,124300.63852124591
2023-08-01,170225.1964539588,158614.41077313665
2023-08-02,165306.24066436145,153695.4549835393
2023-08-03,165245.13773698558,153634.35205616342
2023-08-04,163632.61930326882,152021.83362244666
2023-08-07,166122.86233969766,126889.88945793537
2023-08-08,164546.7008127475,158538.30039892474
2023-08-09,160236.73660051316,154228.3361866904
2023-08-10,160292.0360626718,154283.63564884904
2023-08-11,158942.5363912169,105449.26845402595
2023-08-14,160502.34295211092,107009.07501491996
2023-08-15,158865.11396257198,105371.84602538103
2023-08-16,156977.24996106286,103483.9820238719
2023-08-17,155997.74158761333,65377.45748767398
2023-08-18,155179.45471497218,64559.17061503281
2023-08-21,155760.54472798208,65140.26062804272
2023-08-22,153689.60405472387,125373.53784597735
2023-08-23,156487.2203446961,128171.15413594957
2023-08-24,154178.83252584637,125862.76631709986
2023-08-25,153666.44984094333,125350.38363219681
2023-08-28,154710.7821776723,95757.76356214564
2023-08-29,157313.96617805405,98360.94756252739
2023-08-30,158002.4229585944,99049.40434306776
2023-08-31,158830.88174270274,99877.8631271761
2023-09-01,158177.18087564316,99224.16226011651
2023-09-05,158030.2455042937,99077.22688876707
2023-09-06,156277.13264220516,97324.11402667852
2023-09-07,156542.47376395756,97589.45514843089
2023-09-08,156490.30339024693,97537.28477472028
2023-09-11,157525.74027003092,98572.72165450425
2023-09-12,156474.6018743213,97521.58325879462
2023-09-13,158083.06433223194,99130.0457167053
2023-09-14,158475.41628050752,99522.39766498088
2023-09-15,156432.2351326797,68833.6062573193
2023-09-18,156545.75481206572,68947.12593670533
2023-09-19,156198.95122260792,99909.47330966068
2023-09-20,153971.06571118292,97681.58779823568
2023-09-21,151308.56009774448,64467.758817628106
2023-09-22,151605.79691022175,64764.99563010536
2023-09-25,152010.1701438136,65169.36886369722
2023-09-26,151157.12310153065,64316.32182141427
2023-09-27,151542.47095487802,64701.669674761666
2023-09-28,152645.60382108792,65804.80254097153
2023-09-29,151881.10780036956,65040.306520253194
2023-10-02,153424.49477211916,66583.69349200277
2023-10-03,151897.66533725598,95741.76301156344
2023-10-04,153440.4284706574,97284.52614496488
2023-10-05,153316.41120805425,97160.50888236173
2023-10-06,155862.60576880048,99706.70344310794
2023-10-09,156777.7070005729,100621.80467488036
2023-10-10,157459.94744769327,132659.5865221153
2023-10-11,160021.35821829468,135220.99729271673
2023-10-12,160479.68348549644,135679.32255991848
2023-10-13,157223.96603055895,132423.605104981
2023-10-16,159501.74783679604,134701.38691121808
2023-10-17,157791.81076604853,132991.44984047057
2023-10-18,155500.11117620958,130699.75025063162
2023-10-19,154237.44967888214,129437.08875330418
2023-10-20,152434.54366666725,98801.50820202794
2023-10-23,153541.3451011813,99908.30963654196
2023-10-24,154604.01583649212,131679.24939208906
2023-10-25,149601.20990084932,126676.44345644626
2023-10-26,145787.10460631718,61037.30445599892
2023-10-27,146395.5382785644,61645.73812824614
2023-10-30,147197.54465779444,62447.74450747618
2023-10-31,147124.14071132365,121253.35842412317
2023-11-01,150183.73087591102,124312.94858871053
2023-11-02,151215.16584042826,125344.38355322779
2023-11-03,152531.5740546191,126660.7917674186
2023-11-06,153177.63021690515,127306.84792970467
2023-11-07,155129.58134129134,129258.79905409086
2023-11-08,155824.03475298488,129953.2524657844
2023-11-09,155347.41843963365,129476.63615243317
2023-11-10,159344.01820956622,133473.23592236574
2023-11-13,158500.01826619994,132629.23597899947
2023-11-14,161200.1827566062,135329.40046940572
2023-11-15,160309.53705452883,134438.75476732836
2023-11-16,160385.48802334085,134514.70573614037
2023-11-17,161077.53938391389,135206.7570967134
2023-11-20,163136.34462548583,137265.56233828535
2023-11-21,161409.02400621024,135538.24171900976
2023-11-22,162571.05338143485,136700.27109423437
2023-11-24,162477.31077045205,136606.52848325158
2023-11-27,161401.8611109565,135531.07882375602
2023-11-28,161897.53750007044,136026.75521286996
2023-11-29,160520.06123280697,134649.2789456065
2023-11-30,159424.73333694015,133553.95104973967
2023-12-01,159157.77540720467,133286.9931200042
2023-12-04,157485.5674618468,131614.78517464633
2023-12-05,157680.6733754246,131809.89108822413
2023-12-06,156379.87218937292,130509.08990217245
2023-12-07,158679.38583146347,132808.603544263
2023-12-08,160517.90783574784,134647.12554854737
2023-12-11,162332.67306831025,136461.89078110977
2023-12-12,165783.8501961418,140905.1586645831
2023-12-13,166872.34774384135,141993.6562122827
2023-12-14,166352.09482077102,141473.40328921232
2023-12-15,168129.96582487263,109281.85264121683
2023-12-18,169617.50485241006,110769.39166875425
2023-12-19,169586.97991424412,110738.86673058831
2023-12-20,166985.5901108917,108137.4769272359
2023-12-21,169083.3966267553,110235.2834430995
2023-12-22,168717.31480346003,109869.20161980421
2023-12-26,170017.47964490793,111169.36646125212
2023-12-27,170593.5142870007,145748.8970323265
2023-12-28,171169.75848035002,146325.14122567582
2023-12-29,169874.72167108557,145030.10441641137
2024-01-02,165385.65050125367,140541.03324657943
2024-01-03,163094.52243368904,138249.90517901484
2024-01-04,162297.4015479922,137452.784293318
2024-01-05,163547.54881715006,138702.93156247586
2024-01-08,167856.69011824578,143012.07286357158
2024-01-09,169281.51780532027,144436.90055064607
2024-01-10,170801.4086350567,145956.7913803825
2024-01-11,171638.68745957006,146794.07020489583
2024-01-12,171901.93497036851,147057.3177156943
2024-01-16,174165.91669742315,149321.29944274895
2024-01-17,173863.558783704,149018.9415290298
2024-01-18,177106.74741334136,152262.13015866716
2024-01-19,183545.24081004987,158700.62355537567
2024-01-22,182122.1117436865,157277.4944890123
2024-01-23,182997.75646092586,158153.13920625165
2024-01-24,187155.01432153542,162310.39706686122
2024-01-25,187202.11564627534,162357.49839160114
2024-01-26,185910.08917004394,161065.47191536974
2024-01-29,187661.46450324025,162816.84724856602
2024-01-30,185296.71270224615,160452.09544757195
2024-01-31,181390.97510003851,156546.35784536428
2024-02-01,184164.87289161276,159320.25563693853
2024-02-02,197262.2279001632,172417.610645489
2024-02-05,195296.74739959248,170452.13014491828
2024-02-06,192275.4726166012,167430.85536192698
2024-02-07,196027.62511108007,171183.00785640583
2024-02-08,196180.08664969663,171335.4693950224
2024-02-09,198111.42755266698,173266.81029799278
2024-02-12,196895.42857205914,172050.81131738494
2024-02-13,194651.38299248315,169806.76573780892
2024-02-14,198575.01346578228,173730.39621110808
2024-02-15,198969.21166244952,174124.5944077753
2024-02-16,196447.0461700908,171602.4289154166
2024-02-20,193049.41181835532,168204.79456368112
2024-02-21,192718.8972580984,167874.28000342418
2024-02-22,202957.67166281497,178113.05440814077
2024-02-23,201221.48562701145,176376.86837233725
2024-02-26,201951.0865455151,133260.98307297286
2024-02-27,201349.74483028916,173049.85866684996
2024-02-28,200195.8739674916,171895.9878040524
2024-02-29,202724.46236332902,174424.5761998898
2024-03-01,209479.88813339785,181180.00196995863
2024-03-04,210564.64680532046,182264.76064188126
2024-03-05,207199.76120131725,178899.87503787802
2024-03-06,209285.1280536562,180985.241890217
2024-03-07,215688.25289087417,187388.36672743494
2024-03-08,208507.18932801875,180207.30316457956
2024-03-11,204150.99286153505,175851.10669809583
2024-03-12,209529.7946264224,181229.9084629832
2024-03-13,207607.60803937668,179307.72187593748
2024-03-14,206402.02514862485,178102.13898518562
2024-03-15,203733.2624362753,129538.43926398091
2024-03-18,205290.23626534134,131095.41309304695
2024-03-19,205603.55363079306,172466.77771156695
2024-03-20,207104.73239731818,173967.95647809206
2024-03-21,207623.88140734658,174487.10548812046
2024-03-22,209625.95361861004,176489.17769938393
2024-03-25,209320.07299814682,176183.2970789207
2024-03-26,206915.30985998036,173778.53394075425
2024-03-27,206270.76836400726,173133.99244478115
2024-03-28,205857.9211123719,172721.14519314579
2024-04-01,206435.4409010334,132966.9137585848
2024-04-02,206594.6942153765,174413.2552531346
2024-04-03,207524.87302991137,175343.4340676694
2024-04-04,205581.52934793063,173400.0903856887
2024-04-05,210092.56143511995,177911.122472878
2024-04-08,209584.98947219006,132316.79827809858
2024-04-09,208893.27931758057,173542.0860179271
2024-04-10,208576.92273925134,173225.72943959787
2024-04-11,211895.33464633048,176544.141346677
2024-04-12,208396.10210222268,173044.9088025692
2024-04-15,204884.2043550723,169533.0110554188
2024-04-16,205432.18349682188,170080.9901971684
2024-04-17,202744.20986776368,167393.0165681102
2024-04-18,201542.6253521093,166191.4320524558
2024-04-19,197725.5636863955,123830.01414289049
2024-04-22,198545.60185358644,124650.05231008143
2024-04-23,201387.38699361606,167200.95782082833
2024-04-24,200851.6867324379,166665.25755965017
2024-04-25,189888.91790898284,78643.32490380858
2024-04-26,194637.16941369817,83391.57640852392
2024-04-29,192770.7794010992,81525.18639592493
2024-04-30,188485.44484987293,154348.16360513837
2024-05-01,188495.99904563482,154358.71780090025
2024-05-02,191066.87750231856,120518.17948026006
2024-05-03,192407.0886033034,121858.3905812449
2024-05-06,193830.21302457608,123281.51500251758
2024-05-07,193976.1852378008,162193.5298206575
2024-05-08,193399.0899345565,161616.43451741323
2024-05-09,193331.61295982133,161548.95754267805
2024-05-10,193289.27074057216,161506.61532342888
2024-05-13,193340.94153943736,161558.28612229408
2024-05-14,194436.7797466411,162654.12432949783
2024-05-15,196788.64283629815,165005.98741915487
2024-05-16,196388.16995331398,164605.5145361707
2024-05-17,196215.001322869,164432.34590572573
2024-05-20,197668.214227954,165885.55881081073
2024-05-21,198441.58336672472,166658.92794958144
2024-05-22,198025.55135359144,166242.89593644816
2024-05-23,200285.32152864724,168502.66611150396
2024-05-24,202031.63412375015,170248.97870660687
2024-05-28,205862.84310790172,174080.18769075844
2024-05-29,205988.7923738184,174206.13695667512
2024-05-30,201192.05110589878,169409.3956887555
2024-05-31,200354.24372588834,168571.58830874506
2024-06-03,202897.4676988583,133320.2025787627
2024-06-04,203835.21208329278,174837.44050296885
2024-06-05,207894.7722557867,178897.00067546277
2024-06-06,207375.66789795272,178377.89631762877
2024-06-07,207191.27391518856,178193.5023348646
2024-06-10,207323.27095245302,178325.4993721291
2024-06-11,210752.14644249168,181754.37486216772
2024-06-12,214929.42108036287,185931.64950003894
2024-06-13,216434.98286339105,187437.2112830671
2024-06-14,217545.22704007203,188547.45545974807
2024-06-17,218716.9670972196,189719.19551689568
2024-06-18,219434.4799533288,190436.70837300483
2024-06-20,216675.3628308517,187677.59125052774
2024-06-21,215671.1748458423,186673.40326551837
2024-06-24,212382.59287377074,132663.95746468168
2024-06-25,215806.53874777912,178564.4219134442
2024-06-26,216867.0874363211,179624.9706019862
2024-06-27,216654.66569753818,179412.54886320326
2024-06-28,214367.99190721908,177125.87507288417
2024-07-01,217084.66299125546,179842.54615692055
2024-07-02,218066.60732377382,180824.4904894389
2024-07-03,220591.48710874876,183349.37027441384
2024-07-05,222607.06570245326,185364.94886811834
2024-07-08,223219.00271697587,185976.88588264096
2024-07-09,223841.36784324894,186599.25100891403
2024-07-10,227189.33653365888,189947.21969932396
2024-07-11,220878.22866476944,183636.11183043453
2024-07-12,221902.2580378297,184660.1412034948
2024-07-15,222835.82414071975,185593.70730638484
2024-07-16,221098.6382165532,183856.52138221828
2024-07-17,216761.97728437284,137033.2792256018
2024-07-18,214631.13671567597,134902.4386569049
2024-07-19,214330.41826296409,134601.72020419303
2024-07-22,215844.13296956246,136115.4349107914
2024-07-23,216280.8877243627,136552.18966559164
2024-07-24,211049.71467843777,131321.0166196667
2024-07-25,209749.8993135515,86419.19992160788
2024-07-26,209807.655312956,45418.652737488475
2024-07-29,209866.0016468341,45476.9990713666
2024-07-30,209982.69431459036,45593.69173912284
2024-07-31,210666.18266542273,46277.1800899552
2024-08-01,209891.00631002855,45502.00373456102
2024-08-02,210203.57731850565,45814.57474303813
2024-08-05,205854.76661051653,0.0
2024-08-06,205854.76661051653,0.0
2024-08-07,205854.76661051653,0.0
2024-08-08,205854.76661051653,0.0
2024-08-09,205854.76661051653,0.0
2024-08-12,205854.76661051653,0.0
2024-08-13,206509.2003882788,41825.387099865584
2024-08-14,206368.34470154397,41684.53141313074
2024-08-15,207204.78975085486,42520.97646244164
2024-08-16,206420.57089708844,41736.75760867523
2024-08-19,206567.76347169478,41883.95018328156
2024-08-20,205797.629250593,165054.47404519664
2024-08-21,206804.58102688528,166061.42582148893
2024-08-22,203825.83438386492,163082.67917846856
2024-08-23,206741.61745950434,165998.462254108
2024-08-26,203657.46387767178,162914.30867227542
2024-08-27,204682.33958531643,163939.18437992007
2024-08-28,202558.51985163096,161815.3646462346
2024-08-29,200560.85159852597,121828.23214857717
2024-08-30,202116.83518206025,123384.21573211146
2024-09-03,197963.8197408468,81241.73604634554
2024-09-04,198676.19697611456,121546.87722978267
2024-09-05,198939.78378331687,121810.46403698498
2024-09-06,193512.28597881887,79975.83607158731
2024-09-09,193886.43254729034,80349.98264005879
2024-09-10,193740.11350408805,80203.6635968565
2024-09-11,194763.60458222174,81227.15467499019
2024-09-12,195176.3440486074,40744.211922312476
2024-09-13,195126.96077848086,40694.82865218593
2024-09-16,193996.65182112047,39564.51969482556
2024-09-17,193872.66842772532,0.0
2024-09-18,193872.66842772532,0.0
2024-09-19,193872.66842772532,0.0
2024-09-20,193872.66842772532,0.0
2024-09-23,193872.66842772532,0.0
2024-09-24,194060.0657250442,77736.464668409
2024-09-25,194553.14748329538,78229.54642666018
2024-09-26,195097.36437101066,78773.76331437545
2024-09-27,193853.50721361005,77529.90615697483
2024-09-30,194158.31797643533,77834.71691980012
2024-10-01,193305.87646980066,76982.27541316545
2024-10-02,193770.9759363922,77447.37487975702
2024-10-03,194727.98471870556,78404.38366207035
2024-10-04,196693.93439717373,80370.33334053852
2024-10-07,195580.85343010904,79257.25237347384
2024-10-08,197402.58739159437,81078.98633495916
2024-10-09,198410.48044753374,82086.87939089854
2024-10-10,197895.3292420188,81571.72818538359
2024-10-11,197369.71949574992,81046.11843911471
2024-10-14,197588.00070469765,81264.39964806245
2024-10-15,192458.8439479439,155170.44317318776
2024-10-16,193055.7900769813,155767.38930222514
2024-10-17,194497.33519605803,157208.93442130188
2024-10-18,194336.8615054012,157048.46073064505
2024-10-21,196372.60733804948,159084.20656329332
2024-10-22,195747.85399924876,158459.4532244926
2024-10-23,191738.41162065754,154450.0108459014
2024-10-24,192201.38207214285,117483.64783818665
2024-10-25,193269.23408511243,118551.49985115622
2024-10-28,193093.03530313994,118375.30106918374
2024-10-29,195955.4175979085,121237.68336395228
2024-10-30,194723.9189013092,120006.18466735298
2024-10-31,189641.74280596228,114924.00857200605
2024-11-01,190178.71322840021,115460.97899444398
2024-11-04,189838.79024311944,115121.05600916322
2024-11-05,193598.82354453928,156848.84735920696
2024-11-06,197942.1490784837,161192.17289315135
2024-11-07,200290.02970861248,83312.8628277457
2024-11-08,199569.93143619044,82592.76455532365
2024-11-11,198631.56403734197,81654.39715647518
2024-11-12,200277.92827340166,123027.07420000329
2024-11-13,200098.8696733127,122848.01559991432
2024-11-14,199003.39095216373,121752.53687876534
2024-11-15,195234.65345180721,117983.79937840883
2024-11-18,195154.709502448,117903.85542904964
2024-11-19,198306.00283499228,121055.14876159391
2024-11-20,197177.71467714332,119926.86060374495
2024-11-21,194201.4738994018,80420.68614702395
2024-11-22,192605.35008990817,78824.56233753031
2024-11-25,191744.67667007918,77963.88891770133
2024-11-26,193447.0744559207,40236.86219245337
2024-11-27,193036.69270316177,39826.480439694446
2024-11-29,193452.88152195053,40242.66925848323
2024-12-02,193998.76935873067,40788.55709526335
2024-12-03,194527.2330436745,41317.02078020719
2024-12-04,195440.91551316346,42230.703249696155
2024-12-05,195903.5638139378,42693.35155047049
2024-12-06,197157.94029008073,43947.728026613404
2024-12-09,196975.97767782066,43765.76541435336
2024-12-10,196985.91237710635,122566.09118476728
2024-12-11,198644.07140558242,124224.25021324336
2024-12-12,198508.29640146566,124088.47520912658
2024-12-13,197577.4563487465,123157.63515640741
2024-12-16,199348.447536122,124928.62634378292
2024-12-17,198997.50787422754,164447.37618911287
2024-12-18,191536.6834026981,120324.7774281103
2024-12-19,192247.10242608673,121035.19645149892
2024-12-20,192654.21808842444,121442.31211383664
2024-12-23,193736.6092909497,122524.7033163619
2024-12-24,195389.6508245095,162925.06670811164
2024-12-26,195768.83238592214,163304.24826952428
2024-12-27,193775.04225030032,161310.45813390246
2024-12-30,191218.56680386342,158753.98268746556
2024-12-31,189596.39712705193,157131.81301065406
2025-01-02,189607.2450357283,157142.66091933043
2025-01-03,190733.1963360522,158268.61221965434
2025-01-06,193909.68773235616,161445.1036159583
2025-01-07,190361.9758095051,157897.39169310723
2025-01-08,190094.89536183263,157630.31124543477
2025-01-10,188065.69031077597,155601.1061943781
2025-01-13,186387.42798282058,118459.30914243555
2025-01-14,184849.41127349914,154198.77802967824
2025-01-15,188664.41141171526,158013.77816789434
2025-01-16,186471.81750110845,155821.18425728753
2025-01-17,189426.55558600617,82806.82977948035
2025-01-21,190585.1913360746,83965.46552954879
2025-01-22,190794.5889870005,160408.93971490453
2025-01-23,191527.73247607928,161142.08320398332
2025-01-24,193230.5467473136,162844.89747521764
2025-01-27,187674.02742200234,124356.07572681626
2025-01-28,189791.77146605228,126473.81977086616
2025-01-29,189741.4836171759,126423.53192198978
2025-01-30,190986.1917340384,127668.24003885232
2025-01-31,192316.53826664522,128998.5865714591
2025-02-03,192260.16418433932,128942.21248915321
2025-02-04,194573.1200026379,131255.16830745182
2025-02-05,190595.8970533824,127277.94535819629
2025-02-06,191616.45741138537,128298.50571619929
2025-02-07,188705.8471671951,125387.89547200901
2025-02-10,190028.61431526617,90871.77092418335
2025-02-11,190507.38012562366,129356.25959759406
2025-02-12,190335.8149336496,129184.69440562004
2025-02-13,190727.45233371246,129576.33180568287
2025-02-14,190466.418645771,129315.29811774142
2025-02-18,188042.2113694633,126891.0908414337
2025-02-19,187105.24548350184,88742.54086758426
2025-02-20,185809.95806071136,87447.25344479378
2025-02-21,185145.92592976996,43583.01698605573
2025-02-24,184162.75075736167,42599.84181364745
2025-02-25,182714.87296601996,36671.63572298881
2025-02-26,181723.2672961042,35680.03005307304
2025-02-27,181269.02863503035,35225.79139199919
2025-02-28,181942.96396735948,35899.72672432833
2025-03-03,181377.3922122939,35334.15496926275
2025-03-04,181065.65864308603,35022.42140005487
2025-03-05,181037.45616193995,34994.21891890881
2025-03-06,180976.5935269392,34933.35628390804
2025-03-07,181531.77537107255,35488.53812804141
2025-03-10,179912.24040931603,0.0
2025-03-11,179912.24040931603,0.0
2025-03-12,179912.24040931603,0.0
2025-03-13,179912.24040931603,0.0
2025-03-14,179912.24040931603,0.0
2025-03-17,179912.24040931603,0.0
2025-03-18,179912.24040931603,0.0
2025-03-19,179912.24040931603,0.0
2025-03-20,179912.24040931603,0.0
2025-03-21,179912.24040931603,0.0
2025-03-24,179912.24040931603,0.0
2025-03-25,179912.24040931603,0.0
2025-03-26,179912.24040931603,0.0
2025-03-27,179912.24040931603,0.0
2025-03-28,179912.24040931603,0.0
2025-03-31,179912.24040931603,0.0
2025-04-01,179912.24040931603,0.0
2025-04-02,179912.24040931603,0.0
2025-04-03,179912.24040931603,0.0
2025-04-04,179912.24040931603,0.0
2025-04-07,179912.24040931603,0.0
2025-04-08,179912.24040931603,0.0
2025-04-09,179912.24040931603,0.0
2025-04-10,179912.24040931603,0.0
2025-04-11,179912.24040931603,0.0
2025-04-14,179912.24040931603,0.0
2025-04-15,179636.91301501868,35707.12068756586
2025-04-16,178329.8188167662,34400.026489313364
2025-04-17,177975.2760306917,34045.48370323885
2025-04-21,177017.09263664932,0.0
2025-04-22,177017.09263664932,0.0
2025-04-23,177017.09263664932,0.0
2025-04-24,177017.09263664932,0.0
2025-04-25,177017.09263664932,0.0
2025-04-28,177017.09263664932,0.0
2025-04-29,177247.18312589565,35633.50901657619
2025-04-30,177357.5092946994,35743.83518537994
2025-05-01,180083.10408963505,38469.429980315595
2025-05-02,180976.56474195706,39362.8906326376
2025-05-05,181057.04983055784,39443.375721238364
2025-05-06,180798.41517658727,39184.7410672678
2025-05-07,180802.03319713162,39188.35908781216
2025-05-08,181237.91222140062,39624.23811208117
2025-05-09,181288.55347005732,39674.87936073787
2025-05-12,182240.79384745503,40627.119738135574
2025-05-13,183162.36318449216,77996.84784466372
2025-05-14,185254.37274788588,80088.85740805743
2025-05-15,184364.1290723924,79198.61373256394
2025-05-16,185191.82950760704,80026.31416777859
2025-05-19,184800.10575029888,79634.59041047044
2025-05-20,185162.29735829725,153916.82431858836
2025-05-21,183146.13446229827,151900.6614225894
2025-05-22,183318.31824067186,152072.84520096297
2025-05-23,182043.28786807833,150797.81482836945
2025-05-27,186694.8133095349,155449.340269826
2025-05-28,186255.33757902955,155009.86453932067
2025-05-29,188050.3863455564,156804.91330584753
2025-05-30,186337.26991129378,155091.7968715849
2025-06-02,189481.14640773265,158235.67336802377
2025-06-03,192846.39032282276,161600.91728311387
2025-06-04,194232.40431108308,162986.9312713742
2025-06-05,192897.85319763367,161652.38015792478
2025-06-06,191663.75525107924,160418.28221137036
2025-06-09,193537.62258472576,162292.14954501687
2025-06-10,194296.99676983818,163051.5237301293
2025-06-11,194792.3644661317,163546.8914264228
2025-06-12,195592.40121674383,164346.92817703495
2025-06-13,192425.42533897192,161179.95229926304
2025-06-16,197506.57449000864,166261.10145029976
2025-06-17,197041.016898079,165795.5438583701
2025-06-18,197819.31097529517,166573.83793558629
2025-06-20,197388.9223507579,166143.44931104901
2025-06-23,199316.59350970306,168071.12046999417
2025-06-24,205287.03252846556,174041.55948875667
2025-06-25,209041.19011870647,177795.71707899758
2025-06-26,210698.3491498453,179452.87611013642
2025-06-27,211222.25131326923,179976.77827356034
2025-06-30,211813.89843470114,180568.42539499226
2025-07-01,206335.0158150088,175089.54277529992
2025-07-02,208977.48014875344,177732.00710904456
2025-07-03,210911.6883069234,179666.21526721452
2025-07-07,209310.97399212627,178065.50095241738
2025-07-08,210311.2818972577,179065.8088575488
2025-07-09,212917.65624704267,181672.1832073338
2025-07-10,214573.1697290941,183327.69668938522
2025-07-11,215549.96741294232,184304.49437323344
2025-07-14,215428.17419763378,184182.7011579249
2025-07-15,221490.68343262677,190245.21039291788
2025-07-16,223121.4837999191,191876.01076021022
2025-07-17,225149.30297055934,193903.82993085045
2025-07-18,223193.75750591492,191948.28446620604
2025-07-21,223708.9629492821,192463.48990957323
2025-07-22,219752.2489939987,188506.77595428983
2025-07-23,222976.21231180598,191730.7392720971
2025-07-24,226215.71223704438,194970.2391973355
2025-07-25,228091.2738898978,196845.8008501889
2025-07-28,231937.76066635063,200692.28762664174
2025-07-29,233368.30520373708,202122.8321640282
2025-07-30,235999.4110379725,204753.9379982636
2025-07-31,234927.88559020814,203682.41255049926
2025-08-01,230579.4955529341,199334.0225132252
2025-08-04,236519.2504188786,205273.7773791697
2025-08-05,233724.8166296808,202479.34358997192
2025-08-06,229757.4393635239,146030.97168343078
2025-08-07,230098.93190702767,146372.46422693453
2025-08-08,230935.7176427936,147209.24996270047
2025-08-11,230560.72583121195,146834.25815111882
2025-08-12,233405.76582617432,195791.44331232356
2025-08-13,234098.9888987112,196484.66638486044
2025-08-14,233815.40135105094,196201.07883720018
2025-08-15,231462.26951851847,193847.94700466772
2025-08-18,231154.87519758294,193540.55268373218
2025-08-19,224419.85868835528,186805.53617450452
2025-08-20,222223.08049165117,141474.43174704045
2025-08-21,221717.62958270503,140968.9808380943
2025-08-22,223533.69698065304,142785.04823604232
2025-08-25,223803.28982819326,143054.64108358254
2025-08-26,224656.10301905515,188668.11224008308
2025-08-27,225473.01793499416,189485.0271560221
2025-08-28,227608.84940107027,191620.8586220982
2025-08-29,224286.7022965568,142322.97868946329
2025-09-02,223153.7110848034,141189.9874777099
2025-09-03,228394.08733411867,188658.84330614563
2025-09-04,231518.47468398095,191783.23065600792
2025-09-05,236115.8909831521,196380.64695517905
2025-09-08,238018.78233806172,198283.53831008868
2025-09-09,237570.8387046888,197835.59467671576
2025-09-10,239849.33374279665,200114.0897148236
2025-09-11,239020.81705054766,199285.57302257462
2025-09-12,239555.8754110068,199820.63138303376
2025-09-15,243719.0341355915,203983.79010761846
2025-09-16,243746.55644604377,204011.31241807074
2025-09-17,240816.04507133036,201080.80104335732
2025-09-18,240935.29789814897,201200.05387017594
2025-09-19,242930.87174448202,203195.62771650899
2025-09-22,242682.65338698385,202947.4093590108
2025-09-23,240838.58418984292,201103.34016186988
2025-09-24,240184.93884236974,156073.41793288212
2025-09-25,240227.84756365273,156116.3266541651
2025-09-26,239868.3142606166,155756.793351129
2025-09-29,238056.3998961104,153944.8789866228
2025-09-30,237425.81799732312,100295.69595278405
2025-10-01,237968.09115105047,100837.96910651142
2025-10-02,238454.34695245535,101324.2249079163
2025-10-03,238548.41078965622,101418.28874511717
2025-10-06,239393.52457322468,102263.40252868563
2025-10-07,237249.61765351883,195876.90543826966
2025-10-08,243703.6113294799,202330.89911423073
2025-10-09,242575.8406783965,201203.12846314732
2025-10-10,233432.18184381514,192059.46962856597
2025-10-13,237180.350552727,195807.63833747784
2025-10-14,235723.02984987575,194350.31763462658
2025-10-15,241738.2192392384,200365.50702398922
2025-10-16,241084.4412841193,199711.72906887013
2025-10-17,242423.99553863844,201051.28332338927
2025-10-20,246512.84331071484,205140.13109546568
2025-10-21,244355.70776040087,202982.9955451517
2025-10-22,241845.0272267799,200472.31501153074
2025-10-23,243900.52388629326,202527.8116710441
2025-10-24,251031.71136367702,209658.99914842786
2025-10-27,257021.37716112437,215648.6649458752
2025-10-28,258750.74991662594,217378.03770137677
2025-10-29,263365.17117785534,221992.45896260615
2025-10-30,261994.46109691035,220621.7488816612
2025-10-31,261920.5570916652,220547.84487641603
2025-11-03,264132.1183163699,222759.40610112072
2025-11-04,258743.1023037542,217370.39008850502
2025-11-05,260726.0265492322,219353.31433398303
2025-11-06,254769.5706214182,213396.85840616905
2025-11-07,250181.75546238292,110601.60590222328
2025-11-10,252792.05547013288,113211.90590997323
2025-11-11,252713.29818704005,214249.97081493356
2025-11-12,256021.1846783937,217557.85730628722
2025-11-13,250085.9071047944,211622.5797326879
2025-11-14,250135.255470004,211671.9280978975
2025-11-17,248820.98435508556,210357.65698297907
2025-11-18,244622.05608701636,158542.79369724463
2025-11-19,248007.7978763692,161928.5354865975
2025-11-20,245326.47268581367,159247.21029604197
2025-11-21,248230.1372752706,115660.39354809767
2025-11-24,253142.2929668666,120572.54923969368
2025-11-25,254375.39245441993,172434.10732062033
2025-11-26,255380.5522790166,173439.26714521702
2025-11-28,256383.18051645692,174441.89538265733
2025-12-01,253822.85861982993,171881.57348603033
2025-12-02,254009.40626700094,172068.12113320135
2025-12-03,254323.14573227338,172381.86059847378
2025-12-04,253296.22626386475,171354.94113006516
2025-12-05,254932.83401917317,172991.54888537357
2025-12-08,254565.38755690452,172624.10242310492
2025-12-09,255838.54469227267,173897.25955847307
2025-12-10,257692.40557687765,175751.12044307805
2025-12-11,255006.38807866626,173065.10294486667
2025-12-12,248705.4703650606,119013.47489827855
2025-12-15,247690.59095512034,117998.5954883383
2025-12-16,247428.8864675875,117736.89100080545
2025-12-17,244784.35702319947,115092.36155641743
2025-12-18,246087.6952284976,116395.69976171559
2025-12-19,247379.32115159018,117687.32568480814
2025-12-22,247436.43139162872,117744.43592484668
2025-12-23,249132.40345213757,168927.69426368127
2025-12-24,249381.5597684682,169176.8505800119
2025-12-26,249343.0261981954,101371.63933886641
2025-12-29,249554.7979173568,101583.41105802782
2025-12-30,249364.17516948373,101392.78831015475
2025-12-31,248860.5518701177,100889.16501078871
2026-01-02,251073.5546664245,51928.01463271253
2026-01-05,250518.18740191517,51372.6473682032
2026-01-06,250834.4748149258,101792.57226159688
2026-01-07,249964.23841756117,100922.33586423224
2026-01-08,251164.77735857054,53140.27266482965
2026-01-09,251399.96155214065,53375.45685839975
2026-01-12,251203.6164140972,53179.111720356304
2026-01-13,250496.4232515651,102712.64184064366
2026-01-14,249193.14035376746,101409.35894284601
2026-01-15,249064.50350194355,101280.7220910221
2026-01-16,248850.54460012537,101066.76318920392
2026-01-20,245899.19209202455,98115.4106811031
2026-01-21,246922.56671233816,99138.7853014167
2026-01-22,247900.1555648903,100116.37415396885
2026-01-23,248548.84202494152,100765.06061402007
2026-01-26,249188.2509294691,101404.46951854764
2026-01-27,250732.31940523314,102948.53799431169
2026-01-28,250590.8816577555,102807.10024683404
2026-01-29,250650.52398765137,102866.74257672991
2026-01-30,250088.74149759876,102304.9600866773
2026-02-02,251731.4785708221,103947.69715990065
2026-02-03,249058.48507464497,151620.99937788793
2026-02-04,245228.2259550311,147790.74025827408
2026-02-05,239361.74368649098,95725.90330225017
2026-02-06,233644.56899128482,0.0
2026-02-09,233644.56899128482,0.0
2026-02-10,233146.99174289763,46231.33654986977
2026-02-11,233007.07024064285,46091.41504761497
2026-02-12,231705.71066000374,44790.05546697587
2026-02-13,231013.67579685684,44098.020603828976
2026-02-17,230980.58753156825,44064.93233854037
2026-02-18,231251.47377615416,44335.81858312631
2026-02-19,231359.00537955874,44443.350186530886
2026-02-20,232108.93734466392,45193.282151636064
2026-02-23,230839.97607692852,43924.32088390066
2026-02-24,231285.9355636477,90538.27558600558
2026-02-25,232930.85837591786,92183.19839827571
2026-02-26,230588.4623130984,89840.80233545625
2026-02-27,228124.2959056599,87376.63592801776
2026-03-02,226796.32850163564,0.0
2026-03-03,226796.32850163564,0.0
2026-03-04,226796.32850163564,0.0
2026-03-05,226796.32850163564,0.0
2026-03-06,226796.32850163564,0.0
2026-03-09,226796.32850163564,0.0
2026-03-10,226796.32850163564,0.0
2026-03-11,226796.32850163564,0.0
2026-03-12,226796.32850163564,0.0
2026-03-13,226796.32850163564,0.0
2026-03-16,226796.32850163564,0.0
2026-03-17,226734.22412464675,90656.42702366534
2026-03-18,225880.62639977108,89802.82929878967
2026-03-19,225346.8515837161,89269.0544827347
2026-03-20,223002.6196440969,86924.8225431155
2026-03-23,223879.99083618633,87802.19373520493
2026-03-24,222049.8048008037,85972.00769982228
2026-03-25,222974.9750271139,86897.17792613248
2026-03-26,219738.38728119663,41950.930998136406
2026-03-27,219413.7831452893,0.0
2026-03-30,219413.7831452893,0.0
2026-03-31,219413.7831452893,0.0
2026-04-01,219413.7831452893,0.0
2026-04-02,219413.7831452893,0.0
2026-04-06,219413.7831452893,0.0
2026-04-07,219571.59449852922,87923.32461135565
2026-04-08,222564.05186883116,90915.7819816576
2026-04-09,223804.9080305498,92156.63814337624
2026-04-10,225491.23508579767,93842.96519862412
2026-04-13,225631.78250393536,93983.51261676181
2026-04-14,228863.0134229121,187467.4565373127
2026-04-15,233237.50614197305,191841.94925637366
2026-04-16,236851.94227131744,195456.38538571805
2026-04-17,239797.7397884354,198402.182902836
2026-04-20,238854.37305311312,197458.81616751372
2026-04-21,239381.40977323096,197985.85288763157
2026-04-22,247455.71322927423,206060.15634367484
2026-04-23,246876.62566289734,205481.06877729794
2026-04-24,257383.69586896215,215988.13898336276
2026-04-27,255571.21226117338,214175.655375574
2026-04-28,250801.52458399424,209405.96769839484
2026-04-29,253246.67040135758,211851.1135157582
2026-04-30,256083.3960966985,214687.8392110991
2026-05-01,258999.05733526964,217603.50044967025
2026-05-04,254050.7000605089,212655.14317490952
2026-05-05,258894.54866486375,217498.99177926435
2026-05-06,275202.6173425912,233807.06045699184
2026-05-07,271922.35729615437,230526.80041055495
2026-05-08,285275.87109047757,243880.3142048782
2026-05-11,286704.4422962706,245308.88541067118
2026-05-12,284184.38946237694,242788.83257677752
2026-05-13,285214.5627409281,243819.0058553287
2026-05-14,291032.8782238305,249637.32133823106
2026-05-15,282028.99400588195,240633.43712028253
2026-05-18,279751.0494817236,238355.4925961242
2026-05-19,274881.78361063014,152393.46515697736
2026-05-20,276917.8192421758,154429.50078852297
2026-05-21,275923.8886009391,104101.48228459277
2026-05-22,275591.76636907755,103769.36005273116
2026-05-26,275396.7811289402,103574.37481259383
2026-05-27,274530.2578264987,162285.98445839464
2026-05-28,277443.3196317819,165199.04626367785
2026-05-29,275756.76069739624,163512.48732929217
2026-06-01,273554.58275514713,107730.38395446986
2026-06-02,275236.44929550204,164123.16704585424
2026-06-03,274721.70366846444,163608.4214188166
2026-06-04,273735.24834617565,162621.96609652785
2026-06-05,265758.00134931697,52624.08641424006
2026-06-08,264764.9022979226,51630.98736284564
2026-06-09,258622.5464980305,49749.22837073176
2026-06-10,258798.9073538063,49925.58922650755
2026-06-11,259492.3690447447,50619.05091744595
2026-06-12,258721.85953838116,49848.541411082406
2026-06-15,259627.63773229375,50754.319604995
2026-06-16,256326.516626999,99378.72604615899
2026-06-17,256255.7179623491,99307.9273815091
2026-06-18,258970.48910986324,102022.69852902324
2026-06-22,260152.53228015636,103204.74169931636
2026-06-23,256672.60233059217,99724.81174975216
2026-06-24,256453.2708805655,99505.48029972552
2026-06-25,254958.18324907136,50540.61651545496
2026-06-26,252165.16633368708,0.0
2026-06-29,252165.16633368708,0.0
2026-06-30,255405.19134007112,53673.05827312146
